OBJECTID;FID_UFS_AMZLEG_LLWGS84;SPRAREA;SPRPERIMET;SPRROTULO;SPRNOME;MSLINK;MAPID;CODIGO;AREA_1;PERIMETRO_;GEOCODIGO;NOME;AREA_TOT_G;objeid_88;Area;FID_pontos_ameacadas_atualizado_portaria_443_2014;codigocncf;id;preccncflo;POINT_X;POINT_Y;familia;nome_cient;autor;categoria
1;6;9,04883E+11;5822618,346;225;225;225;99;51;903357,715;5815,15259;51;MATO GROSSO;903357,715;223;0;5585;212372;112500;centroide de municipio;-53,482832;-17,94593;BIGNONIACEAE;Anemopaegma arvense;(Vell.) Stellfeld ex de Souza;EN
3;6;9,04883E+11;5822618,346;225;225;225;99;51;903357,715;5815,15259;51;MATO GROSSO;903357,715;223;0;28418;3047215;1346;centroide de municipio;-53,482832;-17,94593;SIMAROUBACEAE;Simaba glabra;Engl.;VU
7;6;9,04883E+11;5822618,346;225;225;225;99;51;903357,715;5815,15259;51;MATO GROSSO;903357,715;223;0;3514;1466043;36545; ;-53,22;-17,31;LAMIACEAE;Hyptis hamatidens;Epling & JÃ¡tiva;VU
9;6;9,04883E+11;5822618,346;225;225;225;99;51;903357,715;5815,15259;51;MATO GROSSO;903357,715;223;0;12314;1004731;30134;centroide de municipio;-53,58102;-16,960186;LAMIACEAE;Hyptis frondosa;S.Moore;VU
11;6;9,04883E+11;5822618,346;225;225;225;99;51;903357,715;5815,15259;51;MATO GROSSO;903357,715;223;0;12924;1013863;26310;centroide de municipio;-53,58102;-16,960186;ALSTROEMERIACEAE;Alstroemeria brasiliensis;Spreng.;EN
12;6;9,04883E+11;5822618,346;225;225;225;99;51;903357,715;5815,15259;51;MATO GROSSO;903357,715;223;0;30355;3338227;91453;centroide de municipio;-53,58102;-16,960186;LYCOPODIACEAE;Pseudolycopodiella benjaminiana;(P.G.Wndisch) B.Ã˜llg.;EN
14;6;9,04883E+11;5822618,346;225;225;225;99;51;903357,715;5815,15259;51;MATO GROSSO;903357,715;223;0;20133;1927921;30876;centroide de municipio;-56,21085;-16,863836;MELIACEAE;Trichilia stellato-tomentosa;Kuntze;VU
15;6;9,04883E+11;5822618,346;225;225;225;99;51;903357,715;5815,15259;51;MATO GROSSO;903357,715;223;0;16256;3339889;30474;centroide de municipio;-56,954156;-16,668585;MALPIGHIACEAE;Heteropterys marginata;W.R.Anderson;EN
16;6;9,04883E+11;5822618,346;225;225;225;99;51;903357,715;5815,15259;51;MATO GROSSO;903357,715;223;0;21004;1294165;7066;10 a 50km;-56,84487;-16,65993;CONVOLVULACEAE;Ipomoea subrevoluta;Choisy;VU
17;6;9,04883E+11;5822618,346;225;225;225;99;51;903357,715;5815,15259;51;MATO GROSSO;903357,715;223;0;2184;142208;9990;centroide de municipio;-57,916058;-16,600886;MELIACEAE;Cedrela fissilis;Vell.;VU
18;6;9,04883E+11;5822618,346;225;225;225;99;51;903357,715;5815,15259;51;MATO GROSSO;903357,715;223;0;12294;3339904;102464;centroide de municipio;-57,916058;-16,600886;MALPIGHIACEAE;Stigmaphyllon mattogrossense;C.E.Anderson;CR
19;6;9,04883E+11;5822618,346;225;225;225;99;51;903357,715;5815,15259;51;MATO GROSSO;903357,715;223;0;21021;758654;13851;centroide de municipio;-57,916058;-16,600886;RUBIACEAE;Carapichea ipecacuanha;(Brot.) L.Andersson;VU
26;6;9,04883E+11;5822618,346;225;225;225;99;51;903357,715;5815,15259;51;MATO GROSSO;903357,715;223;0;4747;3077063;25267; ;-53,7256;-16,2125;ASTERACEAE;Strophopappus bicolor;DC.;EN
28;6;9,04883E+11;5822618,346;225;225;225;99;51;903357,715;5815,15259;51;MATO GROSSO;903357,715;223;0;19097;490487;22796;centroide de municipio;-59,50507;-16,137517;FABACEAE;Apuleia leiocarpa;(Vogel) J.F.Macbr.;VU
38;6;9,04883E+11;5822618,346;225;225;225;99;51;903357,715;5815,15259;51;MATO GROSSO;903357,715;223;0;27596;1537546;32757; ;-55,4;-15,9;SAPINDACEAE;Talisia subalbens;(Mart.) Radlk.;VU
39;6;9,04883E+11;5822618,346;225;225;225;99;51;903357,715;5815,15259;51;MATO GROSSO;903357,715;223;0;23745;1451466;27239; ;-52,26;-15,89;ASTERACEAE;Lessingianthus zuccarinianus;(Mart. ex DC.) H.Rob.;VU
42;6;9,04883E+11;5822618,346;225;225;225;99;51;903357,715;5815,15259;51;MATO GROSSO;903357,715;223;0;18912;3330667;105078;centroide de municipio;-55,105296;-15,88182;ASTERACEAE;Aldama vernonioides;(Baker) E.E.Schill. & Panero;EN
47;6;9,04883E+11;5822618,346;225;225;225;99;51;903357,715;5815,15259;51;MATO GROSSO;903357,715;223;0;27182;3337546;90664; ;-52,33;-15,75;ANEMIACEAE;Anemia trichorhiza;Gardner;VU
51;6;9,04883E+11;5822618,346;225;225;225;99;51;903357,715;5815,15259;51;MATO GROSSO;903357,715;223;0;6964;1780979;38966; ;-56,083333;-15,583333;RUBIACEAE;Mitracarpus eritrichoides;Standl.;EN
69;6;9,04883E+11;5822618,346;225;225;225;99;51;903357,715;5815,15259;51;MATO GROSSO;903357,715;223;0;12989;1037179;30293;centroide de municipio;-55,88193;-15,485744;LYTHRACEAE;Cuphea cuiabensis;Koehne;EN
70;6;9,04883E+11;5822618,346;225;225;225;99;51;903357,715;5815,15259;51;MATO GROSSO;903357,715;223;0;17505;512620;26731;centroide de municipio;-55,88193;-15,485744;APOCYNACEAE;Oxypetalum ekblomii;Malme;EN
86;6;9,04883E+11;5822618,346;225;225;225;99;51;903357,715;5815,15259;51;MATO GROSSO;903357,715;223;0;22698;3328823;31818;centroide de municipio;-53,318846;-15,47417;ORCHIDACEAE;Cyrtopodium caiapoense;L.C.Menezes;VU
89;6;9,04883E+11;5822618,346;225;225;225;99;51;903357,715;5815,15259;51;MATO GROSSO;903357,715;223;0;23620;1487170;27234; ;-55,75;-15,46;ASTERACEAE;Lessingianthus venosissimus;(Sch.Bip. ex Baker) H.Rob.;EN
90;6;9,04883E+11;5822618,346;225;225;225;99;51;903357,715;5815,15259;51;MATO GROSSO;903357,715;223;0;10981;3326772;30004; ;-55,8469;-15,4284;GESNERIACEAE;Goyazia petraea;(S.M.Phillips) Wiehler;EN
93;6;9,04883E+11;5822618,346;225;225;225;99;51;903357,715;5815,15259;51;MATO GROSSO;903357,715;223;0;3392;1652722;8542;centroide de municipio;-58,485388;-15,407964;LECYTHIDACEAE;Cariniana ianeirensis;R.Knuth;EN
101;6;9,04883E+11;5822618,346;225;225;225;99;51;903357,715;5815,15259;51;MATO GROSSO;903357,715;223;0;12077;1134373;30105;centroide de reserva/parque;-55,881867;-15,402872;LAMIACEAE;Hypenia micrantha;(Benth.) Harley;EN
117;6;9,04883E+11;5822618,346;225;225;225;99;51;903357,715;5815,15259;51;MATO GROSSO;903357,715;223;0;6679;3327032;7896; ;-55,733333;-15,333333;GESNERIACEAE;Sinningia defoliata;(Malme) Chautems;VU
119;6;9,04883E+11;5822618,346;225;225;225;99;51;903357,715;5815,15259;51;MATO GROSSO;903357,715;223;0;4850;1232879;14475;centroide de municipio;-52,636657;-15,332271;SAPOTACEAE;Manilkara dardanoi;Ducke;VU
122;6;9,04883E+11;5822618,346;225;225;225;99;51;903357,715;5815,15259;51;MATO GROSSO;903357,715;223;0;22571;327032;31789;centroide de municipio;-52,636656;-15,332271;ORCHIDACEAE;Cattleya walkeriana;Gardner;VU
127;6;9,04883E+11;5822618,346;225;225;225;99;51;903357,715;5815,15259;51;MATO GROSSO;903357,715;223;0;16660;1497352;30501; ;-52,2;-15,3;MALPIGHIACEAE;Peixotoa psilophylla;C.E.Anderson;VU
128;6;9,04883E+11;5822618,346;225;225;225;99;51;903357,715;5815,15259;51;MATO GROSSO;903357,715;223;0;14334;3339641;115528;centroide de municipio;-58,110959;-15,299683;ANACARDIACEAE;Schinopsis balansae;Engl.;EN
139;6;9,04883E+11;5822618,346;225;225;225;99;51;903357,715;5815,15259;51;MATO GROSSO;903357,715;223;0;12498;1433329;102517; ;-55,5;-15,2;MALPIGHIACEAE;Janusia occhionii;W.R.Anderson;EN
167;6;9,04883E+11;5822618,346;225;225;225;99;51;903357,715;5815,15259;51;MATO GROSSO;903357,715;223;0;15570;497819;30449;centroide de municipio;-58,389194;-15,06505;MALPIGHIACEAE;Byrsonima lanulosa;W.R.Anderson;EN
183;6;9,04883E+11;5822618,346;225;225;225;99;51;903357,715;5815,15259;51;MATO GROSSO;903357,715;223;0;25742;120097;23803;centroide de municipio;-56,676012;-14,768736;MELIACEAE;Swietenia macrophylla;King;VU
186;6;9,04883E+11;5822618,346;225;225;225;99;51;903357,715;5815,15259;51;MATO GROSSO;903357,715;223;0;15056;1770964;4274;centroide de municipio;-52,325033;-14,747685;ALISMATACEAE;Sagittaria lancifolia;L.;VU
194;6;9,04883E+11;5822618,346;225;225;225;99;51;903357,715;5815,15259;51;MATO GROSSO;903357,715;223;0;24840;785381;32219;centroide de municipio;-52,325033;-14,747685;POACEAE;Digitaria neesiana;Henrard;EN
224;6;9,04883E+11;5822618,346;225;225;225;99;51;903357,715;5815,15259;51;MATO GROSSO;903357,715;223;0;2640;1421348;9992;centroide de municipio;-56,855298;-13,952724;MELIACEAE;Cedrela odorata;L.;VU
225;6;9,04883E+11;5822618,346;225;225;225;99;51;903357,715;5815,15259;51;MATO GROSSO;903357,715;223;0;16742;933373;104821;centroide de municipio;-56,855298;-13,952724;ASTERACEAE;Lessingianthus adenophyllus;(Mart. ex DC.) H.Rob.;EN
228;6;9,04883E+11;5822618,346;225;225;225;99;51;903357,715;5815,15259;51;MATO GROSSO;903357,715;223;0;8315;1105060;13040; ;-58,92;-13,83;POACEAE;Axonopus fastigiatus;(Nees ex Trin.) Kuhlm.;VU
231;4;2,78999E+11;4022956,839;21;21;21;99;17;277620,914;4011,783;17;TOCANTINS;277620,914;20;0;11625;103267;11442;centroide de municipio;-47,082727;-13,175476;ORCHIDACEAE;Cycnoches pentadactylum;Lindl.;EN
238;6;9,04883E+11;5822618,346;225;225;225;99;51;903357,715;5815,15259;51;MATO GROSSO;903357,715;223;0;28724;1741330;1379; ;-51,766667;-12,816667;SIMAROUBACEAE;Simaba warmingiana;Engl.;EN
249;0;2,40402E+11;3463076,051;1;1;1;99;11;237576,167;3441,37404;11;Rondônia;237576,167;0;0;22109;2915773;22976; ;-60,1667;-12,75;FABACEAE;Hymenaea parvifolia;Huber;VU
251;0;2,40402E+11;3463076,051;1;1;1;99;11;237576,167;3441,37404;11;Rondônia;237576,167;0;0;23230;691584;23376; ;-60,485833;-12,504167;LAURACEAE;Mezilaurus itauba;(Meisn.) Taub. ex Mez;VU
256;6;9,04883E+11;5822618,346;225;225;225;99;51;903357,715;5815,15259;51;MATO GROSSO;903357,715;223;0;15635;127659;79016;centroide de municipio;-56,327612;-12,459575;FABACEAE;Centrosema carajasense;Cavalcante;VU
258;6;9,04883E+11;5822618,346;225;225;225;99;51;903357,715;5815,15259;51;MATO GROSSO;903357,715;223;0;27833;1918183;19795;5 a 10km;-55,533333;-12,3;MYRISTICACEAE;Virola surinamensis;(Rol. ex Rottb.) Warb.;VU
261;6;9,04883E+11;5822618,346;225;225;225;99;51;903357,715;5815,15259;51;MATO GROSSO;903357,715;223;0;24072;683100;23424;centroide de municipio;-54,845418;-11,924441;LECYTHIDACEAE;Bertholletia excelsa;Bonpl.;VU
263;4;2,78999E+11;4022956,839;21;21;21;99;17;277620,914;4011,783;17;TOCANTINS;277620,914;20;0;24402;3124274;32178; ;-47,7017;-11,6939;POACEAE;Altoparadisium chapadense;Filg. et al.;CR
264;4;2,78999E+11;4022956,839;21;21;21;99;17;277620,914;4011,783;17;TOCANTINS;277620,914;20;0;27656;3201198;27610;5 a 10km;-47,701667;-11,693889;BROMELIACEAE;Bromelia braunii;Leme & E.Esteves;CR
266;4;2,78999E+11;4022956,839;21;21;21;99;17;277620,914;4011,783;17;TOCANTINS;277620,914;20;0;13007;1204856;30358; ;-46,66;-11,64;LYTHRACEAE;Diplusodon gracilis;Koehne;CR
268;4;2,78999E+11;4022956,839;21;21;21;99;17;277620,914;4011,783;17;TOCANTINS;277620,914;20;0;11895;3160905;102266; ;-47,7908;-11,5667;PLANTAGINACEAE;Angelonia alternifolia;V.C.Souza;CR
269;4;2,78999E+11;4022956,839;21;21;21;99;17;277620,914;4011,783;17;TOCANTINS;277620,914;20;0;2680;3330250;36528;centroide de municipio;-46,647268;-11,541833;LAMIACEAE;Hyptis arenaria;Benth.;VU
271;0;2,40402E+11;3463076,051;1;1;1;99;11;237576,167;3441,37404;11;Rondônia;237576,167;0;0;16410;1125455;22780; ;-62,5;-11,42;FABACEAE;Amburana acreana;(Ducke) A.C.Sm.;VU
272;0;2,40402E+11;3463076,051;1;1;1;99;11;237576,167;3441,37404;11;Rondônia;237576,167;0;0;10378;642175;39509; ;-62;-11,416667;SAPOTACEAE;Pouteria petiolata;T.D.Penn.;VU
287;4;2,78999E+11;4022956,839;21;21;21;99;17;277620,914;4011,783;17;TOCANTINS;277620,914;20;0;12340;3340002;102484; ;-47,4852;-11,1843;PODOSTEMACEAE;Mourera weddelliana;Tul.;VU
291;4;2,78999E+11;4022956,839;21;21;21;99;17;277620,914;4011,783;17;TOCANTINS;277620,914;20;0;21147;3258749;27039; ;-47,1267;-11,1419;ASTERACEAE;Echinocoryne echinocephala;(H.Rob.) H.Rob.;EN
303;1;1,58852E+11;2712819,854;2;2;2;99;12;152581,388;2670,32865;12;ACRE;152581,388;1;0;13877;1089615;22000; ;-69,5;-10,94;ARACEAE;Heteropsis flexuosa;(Kunth) G.S.Bunting;VU
310;1;1,58852E+11;2712819,854;2;2;2;99;12;152581,388;2670,32865;12;ACRE;152581,388;1;0;16370;658803;22353; ;-68,8;-10,85;BURSERACEAE;Dacryodes edilsonii;Daly;EN
325;1;1,58852E+11;2712819,854;2;2;2;99;12;152581,388;2670,32865;12;ACRE;152581,388;1;0;23754;1363266;23381;5 a 10km;-69,134841;-10,773694;LAURACEAE;Nectandra grisea;Rohwer;VU
342;0;2,40402E+11;3463076,051;1;1;1;99;11;237576,167;3441,37404;11;Rondônia;237576,167;0;0;25420;642102;85611; ;-63,65;-10,583333;MELIACEAE;Trichilia micropetala;T.D.Penn.;EN
363;0;2,40402E+11;3463076,051;1;1;1;99;11;237576,167;3441,37404;11;Rondônia;237576,167;0;0;345;1351429;34717;centroide de municipio;-61,811966;-10,393478;CHRYSOBALANACEAE;Licania conferruminata;Prance;CR
367;6;9,04883E+11;5822618,346;225;225;225;99;51;903357,715;5815,15259;51;MATO GROSSO;903357,715;223;0;30349;3339004;91440;centroide de municipio;-58,588086;-10,359685;Lycopodiaceae;Phlegmariurus taxifolius;(Sw.) Ã. LÃ¶ve & D. LÃ¶ve.;EN
381;4;2,78999E+11;4022956,839;21;21;21;99;17;277620,914;4011,783;17;TOCANTINS;277620,914;20;0;10704;3340423;102181;centroide de municipio;-48,851775;-10,212036;GESNERIACEAE;Sphaerorrhiza burchellii;(S.M.Phillips) Roalson & Boggan;EN
382;6;9,04883E+11;5822618,346;225;225;225;99;51;903357,715;5815,15259;51;MATO GROSSO;903357,715;223;0;1506;1388038;20302; ;-59,4;-10,2;PIPERACEAE;Piper barretoi;Yunck.;EN
385;6;9,04883E+11;5822618,346;225;225;225;99;51;903357,715;5815,15259;51;MATO GROSSO;903357,715;223;0;363;729526;34739; ;-59,35;-10,2;CHRYSOBALANACEAE;Licania indurata;Pilg.;EN
466;1;1,58852E+11;2712819,854;2;2;2;99;12;152581,388;2670,32865;12;ACRE;152581,388;1;0;21512;3198097;106507; ;-68,6039;-9,4103;ACANTHACEAE;Streblacanthus dubiosus;(Lindau) V.M.Baum;EN
489;1;1,58852E+11;2712819,854;2;2;2;99;12;152581,388;2670,32865;12;ACRE;152581,388;1;0;712;710838;25006;5 a 10km;-68,66;-9,07;VIOLACEAE;Rinorea longistipulata;Hekking;EN
490;1;1,58852E+11;2712819,854;2;2;2;99;12;152581,388;2670,32865;12;ACRE;152581,388;1;0;10672;710957;39544;5 a 10km;-68,66;-9,07;SAPOTACEAE;Sarcaulus vestitus;(Baehni) T.D.Penn.;VU
492;0;2,40402E+11;3463076,051;1;1;1;99;11;237576,167;3441,37404;11;Rondônia;237576,167;0;0;30065;636577;8487;50 a 100km;-63,347887;-9,056321;LAURACEAE;Ocotea tabacifolia;(Meisn.) Rohwer;EN
535;5;3,35346E+11;5521028,97;23;23;23;99;21;331430,739;5487,32162;21;MARANHÃO;331983,293;22;0;13805;473084;8178;centroide de municipio;-46,369623;-8,161125;LAMIACEAE;Hyptidendron conspersum;(Benth.) Harley;EN
540;3;1,60183E+12;8217086,642;3;3;3;99;13;1570745,68;8133,83971;13;AMAZONAS;1570745,68;2;0;7824;3337089;114133; ;-61,82;-8,12;BIGNONIACEAE;Jacaranda egleri;Sandwith;CR
546;1;1,58852E+11;2712819,854;2;2;2;99;12;152581,388;2670,32865;12;ACRE;152581,388;1;0;24060;1099436;84216;centroide de municipio;-72,909991;-8,035102;LAURACEAE;Aiouea lehmannii;(O.C.Schmidt) S.S.Renner;EN
553;5;3,35346E+11;5521028,97;23;23;23;99;21;331430,739;5487,32162;21;MARANHÃO;331983,293;22;0;27371;1481184;882;centroide de municipio;-47,235073;-7,810239;RUTACEAE;Pilocarpus microphyllus;Stapf ex Wardlew.;EN
565;1;1,58852E+11;2712819,854;2;2;2;99;12;152581,388;2670,32865;12;ACRE;152581,388;1;0;13938;717221;22074;5 a 10km;-72,67;-7,63;ARALIACEAE;Schefflera sprucei;(Seem.) Harms;VU
587;3;1,60183E+12;8217086,642;3;3;3;99;13;1570745,68;8133,83971;13;AMAZONAS;1570745,68;2;0;10448;673637;39529;0,5 a 5km;-63,716365;-7,489048;SAPOTACEAE;Pouteria vernicosa;T.D.Penn.;VU
604;4;2,78999E+11;4022956,839;21;21;21;99;17;277620,914;4011,783;17;TOCANTINS;277620,914;20;0;11614;1462017;21557; ;-48,2;-7,15;VITACEAE;Cissus apendiculata;Lombardi;EN
609;8;1,24956E+12;7453944,903;5;5;5;99;15;1247659,325;7440,29108;15;PARÁ;1247689,515;4;0;6144;3337098;113797;centroide de municipio;-56,441495;-6,976914;BIGNONIACEAE;Pleonotoma bracteata;A.H.Gentry;VU
610;5;3,35346E+11;5521028,97;23;23;23;99;21;331430,739;5487,32162;21;MARANHÃO;331983,293;22;0;14766;804318;78752; ;-44,666667;-6,966667;FABACEAE;Peltogyne maranhensis;Huber ex Ducke;VU
620;3;1,60183E+12;8217086,642;3;3;3;99;13;1570745,68;8133,83971;13;AMAZONAS;1570745,68;2;0;14491;623268;78444;0,5 a 5km;-62,483161;-6,666667;LAURACEAE;Aniba rosaeodora;Ducke;EN
621;5;3,35346E+11;5521028,97;23;23;23;99;21;331430,739;5487,32162;21;MARANHÃO;331983,293;22;0;5950;1073132;112544;10 a 50km;-43,35282;-6,631332;BIGNONIACEAE;Anemopaegma mirabile;(Sandwith) A.H.Gentry;CR
626;5;3,35346E+11;5521028,97;23;23;23;99;21;331430,739;5487,32162;21;MARANHÃO;331983,293;22;0;13318;99569;114468;centroide de municipio;-43,629907;-6,547239;BIGNONIACEAE;Zeyheria tuberculosa;(Vell.) Bureau ex Verl.;VU
630;5;3,35346E+11;5521028,97;23;23;23;99;21;331430,739;5487,32162;21;MARANHÃO;331983,293;22;0;1788;1293958;82051; ;-47,42056;-6,50653;CONVOLVULACEAE;Ipomoea carajasensis;D.F.Austin;VU
635;8;1,24956E+12;7453944,903;5;5;5;99;15;1247659,325;7440,29108;15;PARÁ;1247689,515;4;0;7698;1086050;114112;50 a 100km;-50,578146;-6,112453;BIGNONIACEAE;Jacaranda carajasensis;A.H.Gentry;CR
638;8;1,24956E+12;7453944,903;5;5;5;99;15;1247659,325;7440,29108;15;PARÁ;1247689,515;4;0;16780;36002;80705;50 a 100km;-50,578146;-6,112453;ASTERACEAE;Monogereion carajensis;R.M.King & G.M.Barroso;CR
642;8;1,24956E+12;7453944,903;5;5;5;99;15;1247659,325;7440,29108;15;PARÁ;1247689,515;4;0;16893;1826811;82052;50 a 100km;-50,578146;-6,112453;CONVOLVULACEAE;Ipomoea cavalcantei;D.F.Austin;EN
645;8;1,24956E+12;7453944,903;5;5;5;99;15;1247659,325;7440,29108;15;PARÁ;1247689,515;4;0;16934;1279963;82413;50 a 100km;-50,578146;-6,112453;ERYTHROXYLACEAE;Erythroxylum nelson-rosae;Plowman;EN
647;8;1,24956E+12;7453944,903;5;5;5;99;15;1247659,325;7440,29108;15;PARÁ;1247689,515;4;0;25364;801828;32360;50 a 100km;-50,578146;-6,112453;POACEAE;Sporobolus apiculatus;Boechat & Longhi-Wagner;EN
672;8;1,24956E+12;7453944,903;5;5;5;99;15;1247659,325;7440,29108;15;PARÁ;1247689,515;4;0;20478;629917;83466;10 a 50km;-50,302602;-5,972483;FABACEAE;Mimosa skinneri var. carajarum;Barneby;CR
680;8;1,24956E+12;7453944,903;5;5;5;99;15;1247659,325;7440,29108;15;PARÁ;1247689,515;4;0;25882;1342466;86752; ;-50,5;-5,9;POACEAE;Axonopus carajasensis;Bastos;EN
682;5;3,35346E+11;5521028,97;23;23;23;99;21;331430,739;5487,32162;21;MARANHÃO;331983,293;22;0;9789;1468384;21013; ;-45,4;-5,9;SAPOTACEAE;Pouteria furcata;T.D.Penn.;EN
687;8;1,24956E+12;7453944,903;5;5;5;99;15;1247659,325;7440,29108;15;PARÁ;1247689,515;4;0;9836;1214873;21024; ;-50,6;-5,77;SAPOTACEAE;Pradosia granulosa;Pires & T.D.Penn.;VU
698;5;3,35346E+11;5521028,97;23;23;23;99;21;331430,739;5487,32162;21;MARANHÃO;331983,293;22;0;27020;82493;867;centroide de municipio;-45,321483;-5,623984;RUTACEAE;Pilocarpus alatus;C.J.Joseph ex Skorupa;VU
707;5;3,35346E+11;5521028,97;23;23;23;99;21;331430,739;5487,32162;21;MARANHÃO;331983,293;22;0;27433;82488;908;centroide de municipio;-45,321483;-5,623984;RUTACEAE;Pilocarpus trachylophus;Holmes;EN
714;5;3,35346E+11;5521028,97;23;23;23;99;21;331430,739;5487,32162;21;MARANHÃO;331983,293;22;0;6027;1073415;113362; ;-44,92;-5,42;BIGNONIACEAE;Fridericia crassa;(Bureau & K.Schum.) L.G.Lohmann;VU
718;8;1,24956E+12;7453944,903;5;5;5;99;15;1247659,325;7440,29108;15;PARÁ;1247689,515;4;0;440;621626;35080;5 a 10km;-49,12;-5,37;CYPERACEAE;Hypolytrum paraense;M.Alves & W.W.Thomas;EN
737;5;3,35346E+11;5521028,97;23;23;23;99;21;331430,739;5487,32162;21;MARANHÃO;331983,293;22;0;11576;1538334;21528;centroide de municipio;-47,432877;-4,837261;VIOLACEAE;Rinorea villosiflora;Hekking;CR
754;5;3,35346E+11;5521028,97;23;23;23;99;21;331430,739;5487,32162;21;MARANHÃO;331983,293;22;0;10067;88737;17928;5 a 10km;-46,202908;-4,45269;LAURACEAE;Dicypellium caryophyllaceum;(Mart.) Nees;CR
755;5;3,35346E+11;5521028,97;23;23;23;99;21;331430,739;5487,32162;21;MARANHÃO;331983,293;22;0;26552;631694;621;5 a 10km;-46,202908;-4,45269;RUTACEAE;Euxylophora paraensis;Huber;CR
774;8;1,24956E+12;7453944,903;5;5;5;99;15;1247659,325;7440,29108;15;PARÁ;1247689,515;4;0;23870;608534;83868; ;-49,783333;-4,05;FABACEAE;Vouacapoua americana;Aubl.;EN
776;8;1,24956E+12;7453944,903;5;5;5;99;15;1247659,325;7440,29108;15;PARÁ;1247689,515;4;0;10204;609858;39496; ;-49;-4,016667;SAPOTACEAE;Pouteria multiflora;(A.DC.) Eyma;VU
844;3;1,60183E+12;8217086,642;3;3;3;99;13;1570745,68;8133,83971;13;AMAZONAS;1570745,68;2;0;16258;3161300;79770;5 a 10km;-60,266667;-3,383333;VIOLACEAE;Rinorea bicornuta;Hekking;CR
878;3;1,60183E+12;8217086,642;3;3;3;99;13;1570745,68;8133,83971;13;AMAZONAS;1570745,68;2;0;24103;1335294;84232; ;-60,03;-3,1;LAURACEAE;Aniba ferrea;Kubitzki;VU
883;3;1,60183E+12;8217086,642;3;3;3;99;13;1570745,68;8133,83971;13;AMAZONAS;1570745,68;2;0;15903;2902378;79080;centroide de municipio;-56,908133;-3,09247;FABACEAE;Hymenolobium excelsum;Ducke;VU
892;3;1,60183E+12;8217086,642;3;3;3;99;13;1570745,68;8133,83971;13;AMAZONAS;1570745,68;2;0;14553;361350;78445;0,5 a 5km;-60,070918;-3,043052;LAURACEAE;Aniba santalodora;Ducke;VU
897;3;1,60183E+12;8217086,642;3;3;3;99;13;1570745,68;8133,83971;13;AMAZONAS;1570745,68;2;0;24427;1238716;84425; ;-59,97;-3;LAURACEAE;Rhodostemonodaphne parvifolia;MadriÃ±Ã¡n;CR
899;3;1,60183E+12;8217086,642;3;3;3;99;13;1570745,68;8133,83971;13;AMAZONAS;1570745,68;2;0;10501;3160886;39540;10 a 50km;-60,051672;-2,981995;SAPOTACEAE;Pradosia subverticillata;Ducke;VU
910;3;1,60183E+12;8217086,642;3;3;3;99;13;1570745,68;8133,83971;13;AMAZONAS;1570745,68;2;0;9973;745321;39462;5 a 10km;-59,933;-2,967;SAPOTACEAE;Micropholis splendens;Gilly ex AubrÃ©v.;EN
938;3;1,60183E+12;8217086,642;3;3;3;99;13;1570745,68;8133,83971;13;AMAZONAS;1570745,68;2;0;10468;744302;39530;centroide de municipio;-59,929146;-2,941158;SAPOTACEAE;Pouteria virescens;Baehni;EN
974;3;1,60183E+12;8217086,642;3;3;3;99;13;1570745,68;8133,83971;13;AMAZONAS;1570745,68;2;0;20362;643066;105761;centroide de municipio;-59,929146;-2,941158;LAURACEAE;Rhodostemonodaphne recurva;van der Werff;EN
1034;3;1,60183E+12;8217086,642;3;3;3;99;13;1570745,68;8133,83971;13;AMAZONAS;1570745,68;2;0;10558;3044457;39542;centroide de municipio;-59,980355;-2,88696;SAPOTACEAE;Pradosia verticillata;Ducke;EN
1054;3;1,60183E+12;8217086,642;3;3;3;99;13;1570745,68;8133,83971;13;AMAZONAS;1570745,68;2;0;26969;691046;854;centroide de municipio;-59,980355;-2,88696;RUTACEAE;Nycticalanthus speciosus;Ducke;CR
1069;3;1,60183E+12;8217086,642;3;3;3;99;13;1570745,68;8133,83971;13;AMAZONAS;1570745,68;2;0;29499;648011;33777;centroide de municipio;-59,980355;-2,88696;APOCYNACEAE;Tabernaemontana cumata;Leeuwenb.;EN
1255;3;1,60183E+12;8217086,642;3;3;3;99;13;1570745,68;8133,83971;13;AMAZONAS;1570745,68;2;0;25727;763988;85813;0,5 a 5km;-60,001705;-2,588119;MYRISTICACEAE;Iryanthera campinae;W.A.Rodrigues;VU
1341;3;1,60183E+12;8217086,642;3;3;3;99;13;1570745,68;8133,83971;13;AMAZONAS;1570745,68;2;0;6152;1070808;114053;5 a 10km;-65,7167;-1,8333;BIGNONIACEAE;Digomphia densicoma;(Mart. ex DC.) Pilg.;VU
1360;8;1,24956E+12;7453944,903;5;5;5;99;15;1247659,325;7440,29108;15;PARÁ;1247689,515;4;0;22851;3327252;23344; ;-52,489;-1,601;LAURACEAE;Aiouea benthamiana;Mez;EN
1400;8;1,24956E+12;7453944,903;5;5;5;99;15;1247659,325;7440,29108;15;PARÁ;1247689,515;4;0;4489;3340009;36674;centroide de municipio;-49,284615;-1,342457;LECYTHIDACEAE;Eschweilera subcordata;S.A.Mori;EN
1401;5;3,35346E+11;5521028,97;23;23;23;99;21;331430,739;5487,32162;21;MARANHÃO;331983,293;22;0;26635;3340180;88370;centroide de municipio;-46,004504;-1,287031;VOCHYSIACEAE;Qualea coerulea;Aubl.;VU
1429;8;1,24956E+12;7453944,903;5;5;5;99;15;1247659,325;7440,29108;15;PARÁ;1247689,515;4;0;4006;1182701;8543;centroide de municipio;-48,45948;-1,271136;LECYTHIDACEAE;Cariniana legalis;(Mart.) Kuntze;EN
1458;8;1,24956E+12;7453944,903;5;5;5;99;15;1247659,325;7440,29108;15;PARÁ;1247689,515;4;0;26057;633980;19741; ;-57,216667;-0,883333;MELIACEAE;Trichilia blanchetii;C.DC.;VU
1467;8;1,24956E+12;7453944,903;5;5;5;99;15;1247659,325;7440,29108;15;PARÁ;1247689,515;4;0;15841;3340019;116753; ;-50,18;-0,7;BURSERACEAE;Protium giganteum var. crassifolium;(Engl.) Daly;VU
1481;2;1,4293E+11;2381854,165;20;20;20;99;16;142814,585;2380,76564;16;AMAPÁ;142814,585;19;0;30143;87700;34643;5 a 10km;-52,366667;-0,533333;CHRYSOBALANACEAE;Couepia joaquinae;Prance;CR
1495;3;1,60183E+12;8217086,642;3;3;3;99;13;1570745,68;8133,83971;13;AMAZONAS;1570745,68;2;0;20346;1334830;83383;centroide de municipio;-63,379794;-0,140785;FABACEAE;Macrosamanea prancei;(Barneby) Barneby & J.W.Grimes;VU
1512;3;1,60183E+12;8217086,642;3;3;3;99;13;1570745,68;8133,83971;13;AMAZONAS;1570745,68;2;0;25795;3158586;85887;centroide de municipio;-67,966593;0,172795;MYRISTICACEAE;Virola parvifolia;Ducke;VU
1521;8;1,24956E+12;7453944,903;5;5;5;99;15;1247659,325;7440,29108;15;PARÁ;1247689,515;4;0;10101;3160792;39478;centroide de municipio;-53,742064;0,208579;SAPOTACEAE;Pouteria decussata;(Ducke) Baehni;EN
1527;8;1,24956E+12;7453944,903;5;5;5;99;15;1247659,325;7440,29108;15;PARÁ;1247689,515;4;0;15848;3338213;116842;centroide de municipio;-53,742064;0,208579;BURSERACEAE;Protium inodorum;Daly;EN
1573;3;1,60183E+12;8217086,642;3;3;3;99;13;1570745,68;8133,83971;13;AMAZONAS;1570745,68;2;0;16822;3338212;81425; ;-62,8;1,53;BURSERACEAE;Bursera simaruba;(L.) Sarg.;VU
1578;7;2,26232E+11;3564371,495;4;4;4;99;14;224298,98;3548,01904;14;RORAIMA;224298,98;3;0;18163;3328864;82871; ;-60,6733;2,81972;FABACEAE;Centrolobium paraense;Tul.;EN
1579;7;2,26232E+11;3564371,495;4;4;4;99;14;224298,98;3548,01904;14;RORAIMA;224298,98;3;0;17249;632044;82613;centroide de municipio;-62,626794;2,983759;FABACEAE;Albizia glabripetala;(H.S.Irwin) G.P.Lewis;EN
